[
   {
      "model":"rutas.agency",
      "pk":1,
      "fields":{
         "agency_id":"TSG",
         "name":"Transportes San Gabriel",
         "url":"http://tsgcr.com/",
         "timezone":"America/Costa_Rica",
         "lang":"es",
         "phone":"+506 2410 330",
         "fare_url":"http://tsgcr.com/rutas/#tarifas",
         "email":"transgabriel@ice.co.cr"
      }
   },
   {
      "model":"rutas.stop",
      "pk":1,
      "fields":{
         "stop_id":"SJ",
         "code":"San Jos\u00e9",
         "name":"San Jos\u00e9",
         "desc":"Terminal en San Jos\u00e9",
         "stop_lat":"1.0000000000000000",
         "stop_lon":"1.0000000000000000",
         "zone":null,
         "url":"",
         "location_type":"1",
         "parent_station":null,
         "timezone":"",
         "wheelchair_boarding":"0"
      }
   },
   {
      "model":"rutas.stop",
      "pk":2,
      "fields":{
         "stop_id":"SG",
         "code":"San Gabriel",
         "name":"San Gabriel",
         "desc":"",
         "stop_lat":"1.0000000000000000",
         "stop_lon":"1.0000000000000000",
         "zone":null,
         "url":"",
         "location_type":"0",
         "parent_station":null,
         "timezone":"",
         "wheelchair_boarding":"0"
      }
   },
   {
      "model":"rutas.stop",
      "pk":3,
      "fields":{
         "stop_id":"TU",
         "code":"Turrujal",
         "name":"Turrujal",
         "desc":"",
         "stop_lat":"1.0000000000000000",
         "stop_lon":"1.0000000000000000",
         "zone":null,
         "url":"",
         "location_type":"1",
         "parent_station":null,
         "timezone":"",
         "wheelchair_boarding":""
      }
   },
   {
      "model":"rutas.stop",
      "pk":4,
      "fields":{
         "stop_id":"SL",
         "code":"San Luis",
         "name":"San Luis",
         "desc":"",
         "stop_lat":"1.0000000000000000",
         "stop_lon":"1.0000000000000000",
         "zone":null,
         "url":"",
         "location_type":"1",
         "parent_station":null,
         "timezone":"",
         "wheelchair_boarding":""
      }
   },
   {
      "model":"rutas.route",
      "pk":1,
      "fields":{
         "route_id":"124",
         "agency":1,
         "short_name":"San Gabriel",
         "long_name":"San Gabriel - San Jos\u00e9",
         "desc":"Esta ruta conecta a San Gabriel de Aserr\u00ed con San Jos\u00e9 centro, pasando por La Fila del Rosario, Tranquerillas, Tarbaca, Aserr\u00ed y Desamparados, a trav\u00e9s de las v\u00edas 209 y 222.",
         "route_type":3,
         "url":"sangabriel",
         "color":"228B22",
         "text_color":""
      }
   },
   {
      "model":"rutas.route",
      "pk":2,
      "fields":{
         "route_id":"157",
         "agency":1,
         "short_name":"Acosta",
         "long_name":"Acosta - San Jos\u00e9",
         "desc":"Esta ruta conecta a San Ignacio de Acosta con San Jos\u00e9 centro, pasando por Vuelta de Jorco, Tarbaca, Aserr\u00ed y Desamparados. Todos los buses llevan hacia el centro de San Ignacio de Acosta, sin embargo desde ah\u00ed la ruta tiene dos ramales: uno desde el centro hacia Turrujal, y otro desde el centro hacia San Luis (terminal de buses).",
         "route_type":3,
         "url":"acosta",
         "color":"FFA500",
         "text_color":""
      }
   },
   {
      "model":"rutas.trip",
      "pk":1,
      "fields":{
         "route":1,
         "service":1,
         "trip_id":"desde_sangabriel_entresemana_01",
         "headsign":"San Gabriel > San Jos\u00e9",
         "short_name":"",
         "direction":"0",
         "shape":5,
         "wheelchair_accessible":"0",
         "bikes_allowed":"1"
      }
   },
   {
      "model":"rutas.trip",
      "pk":2,
      "fields":{
         "route":1,
         "service":1,
         "trip_id":"desde_sangabriel_entresemana_02",
         "headsign":"",
         "short_name":"",
         "direction":"0",
         "shape":7,
         "wheelchair_accessible":"",
         "bikes_allowed":""
      }
   },
   {
      "model":"rutas.trip",
      "pk":3,
      "fields":{
         "route":1,
         "service":1,
         "trip_id":"desde_sangabriel_entresemana_03",
         "headsign":"",
         "short_name":"",
         "direction":"0",
         "shape":4,
         "wheelchair_accessible":"",
         "bikes_allowed":""
      }
   },
   {
      "model":"rutas.trip",
      "pk":4,
      "fields":{
         "route":1,
         "service":1,
         "trip_id":"desde_sangabriel_entresemana_04",
         "headsign":"",
         "short_name":"",
         "direction":"0",
         "shape":7,
         "wheelchair_accessible":"",
         "bikes_allowed":""
      }
   },
   {
      "model":"rutas.trip",
      "pk":5,
      "fields":{
         "route":1,
         "service":1,
         "trip_id":"desde_sangabriel_entresemana_05",
         "headsign":"",
         "short_name":"",
         "direction":"0",
         "shape":1,
         "wheelchair_accessible":"",
         "bikes_allowed":""
      }
   },
   {
      "model":"rutas.trip",
      "pk":6,
      "fields":{
         "route":1,
         "service":1,
         "trip_id":"desde_sangabriel_entresemana_06",
         "headsign":"",
         "short_name":"",
         "direction":"0",
         "shape":1,
         "wheelchair_accessible":"",
         "bikes_allowed":""
      }
   },
   {
      "model":"rutas.trip",
      "pk":7,
      "fields":{
         "route":1,
         "service":1,
         "trip_id":"desde_sangabriel_entresemana_07",
         "headsign":"",
         "short_name":"",
         "direction":"0",
         "shape":1,
         "wheelchair_accessible":"",
         "bikes_allowed":""
      }
   },
   {
      "model":"rutas.trip",
      "pk":8,
      "fields":{
         "route":1,
         "service":1,
         "trip_id":"desde_sangabriel_entresemana_08",
         "headsign":"",
         "short_name":"",
         "direction":"0",
         "shape":1,
         "wheelchair_accessible":"",
         "bikes_allowed":""
      }
   },
   {
      "model":"rutas.trip",
      "pk":9,
      "fields":{
         "route":1,
         "service":1,
         "trip_id":"hacia_sangabriel_entresemana_01",
         "headsign":"",
         "short_name":"",
         "direction":"1",
         "shape":6,
         "wheelchair_accessible":"",
         "bikes_allowed":""
      }
   },
   {
      "model":"rutas.trip",
      "pk":10,
      "fields":{
         "route":1,
         "service":1,
         "trip_id":"hacia_sangabriel_entresemana_02",
         "headsign":"",
         "short_name":"",
         "direction":"1",
         "shape":2,
         "wheelchair_accessible":"",
         "bikes_allowed":""
      }
   },
   {
      "model":"rutas.trip",
      "pk":11,
      "fields":{
         "route":1,
         "service":1,
         "trip_id":"hacia_sangabriel_entresemana_03",
         "headsign":"",
         "short_name":"",
         "direction":"1",
         "shape":2,
         "wheelchair_accessible":"",
         "bikes_allowed":""
      }
   },
   {
      "model":"rutas.trip",
      "pk":12,
      "fields":{
         "route":1,
         "service":1,
         "trip_id":"hacia_sangabriel_entresemana_04",
         "headsign":"",
         "short_name":"",
         "direction":"1",
         "shape":2,
         "wheelchair_accessible":"",
         "bikes_allowed":""
      }
   },
   {
      "model":"rutas.trip",
      "pk":13,
      "fields":{
         "route":1,
         "service":1,
         "trip_id":"hacia_sangabriel_entresemana_05",
         "headsign":"",
         "short_name":"",
         "direction":"1",
         "shape":6,
         "wheelchair_accessible":"",
         "bikes_allowed":""
      }
   },
   {
      "model":"rutas.trip",
      "pk":14,
      "fields":{
         "route":1,
         "service":1,
         "trip_id":"hacia_sangabriel_entresemana_06",
         "headsign":"",
         "short_name":"",
         "direction":"1",
         "shape":2,
         "wheelchair_accessible":"",
         "bikes_allowed":""
      }
   },
   {
      "model":"rutas.trip",
      "pk":15,
      "fields":{
         "route":1,
         "service":1,
         "trip_id":"hacia_sangabriel_entresemana_07",
         "headsign":"",
         "short_name":"",
         "direction":"1",
         "shape":2,
         "wheelchair_accessible":"",
         "bikes_allowed":""
      }
   },
   {
      "model":"rutas.trip",
      "pk":16,
      "fields":{
         "route":1,
         "service":1,
         "trip_id":"hacia_sangabriel_entresemana_08",
         "headsign":"",
         "short_name":"",
         "direction":"1",
         "shape":2,
         "wheelchair_accessible":"",
         "bikes_allowed":""
      }
   },
   {
      "model":"rutas.trip",
      "pk":17,
      "fields":{
         "route":1,
         "service":2,
         "trip_id":"desde_sangabriel_sabado_01",
         "headsign":"",
         "short_name":"",
         "direction":"0",
         "shape":1,
         "wheelchair_accessible":"",
         "bikes_allowed":""
      }
   },
   {
      "model":"rutas.trip",
      "pk":18,
      "fields":{
         "route":1,
         "service":2,
         "trip_id":"desde_sangabriel_sabado_02",
         "headsign":"",
         "short_name":"",
         "direction":"0",
         "shape":1,
         "wheelchair_accessible":"",
         "bikes_allowed":""
      }
   },
   {
      "model":"rutas.trip",
      "pk":19,
      "fields":{
         "route":1,
         "service":2,
         "trip_id":"desde_sangabriel_sabado_03",
         "headsign":"",
         "short_name":"",
         "direction":"0",
         "shape":1,
         "wheelchair_accessible":"",
         "bikes_allowed":""
      }
   },
   {
      "model":"rutas.trip",
      "pk":20,
      "fields":{
         "route":1,
         "service":2,
         "trip_id":"desde_sangabriel_sabado_04",
         "headsign":"",
         "short_name":"",
         "direction":"0",
         "shape":6,
         "wheelchair_accessible":"",
         "bikes_allowed":""
      }
   },
   {
      "model":"rutas.trip",
      "pk":21,
      "fields":{
         "route":1,
         "service":2,
         "trip_id":"desde_sangabriel_sabado_05",
         "headsign":"",
         "short_name":"",
         "direction":"0",
         "shape":1,
         "wheelchair_accessible":"",
         "bikes_allowed":""
      }
   },
   {
      "model":"rutas.trip",
      "pk":22,
      "fields":{
         "route":1,
         "service":2,
         "trip_id":"desde_sangabriel_sabado_06",
         "headsign":"",
         "short_name":"",
         "direction":"0",
         "shape":1,
         "wheelchair_accessible":"",
         "bikes_allowed":""
      }
   },
   {
      "model":"rutas.trip",
      "pk":23,
      "fields":{
         "route":1,
         "service":2,
         "trip_id":"hacia_sangabriel_sabado_01",
         "headsign":"",
         "short_name":"",
         "direction":"1",
         "shape":2,
         "wheelchair_accessible":"",
         "bikes_allowed":""
      }
   },
   {
      "model":"rutas.trip",
      "pk":24,
      "fields":{
         "route":1,
         "service":2,
         "trip_id":"hacia_sangabriel_sabado_02",
         "headsign":"",
         "short_name":"",
         "direction":"1",
         "shape":2,
         "wheelchair_accessible":"",
         "bikes_allowed":""
      }
   },
   {
      "model":"rutas.trip",
      "pk":25,
      "fields":{
         "route":1,
         "service":2,
         "trip_id":"hacia_sangabriel_sabado_03",
         "headsign":"",
         "short_name":"",
         "direction":"1",
         "shape":7,
         "wheelchair_accessible":"",
         "bikes_allowed":""
      }
   },
   {
      "model":"rutas.trip",
      "pk":26,
      "fields":{
         "route":1,
         "service":2,
         "trip_id":"hacia_sangabriel_sabado_04",
         "headsign":"",
         "short_name":"",
         "direction":"1",
         "shape":2,
         "wheelchair_accessible":"",
         "bikes_allowed":""
      }
   },
   {
      "model":"rutas.trip",
      "pk":27,
      "fields":{
         "route":1,
         "service":2,
         "trip_id":"hacia_sangabriel_sabado_05",
         "headsign":"",
         "short_name":"",
         "direction":"1",
         "shape":4,
         "wheelchair_accessible":"",
         "bikes_allowed":""
      }
   },
   {
      "model":"rutas.trip",
      "pk":28,
      "fields":{
         "route":1,
         "service":2,
         "trip_id":"hacia_sangabriel_sabado_06",
         "headsign":"",
         "short_name":"",
         "direction":"1",
         "shape":2,
         "wheelchair_accessible":"",
         "bikes_allowed":""
      }
   },
   {
      "model":"rutas.trip",
      "pk":29,
      "fields":{
         "route":1,
         "service":3,
         "trip_id":"desde_sangabriel_domingo_01",
         "headsign":"",
         "short_name":"",
         "direction":"0",
         "shape":1,
         "wheelchair_accessible":"",
         "bikes_allowed":""
      }
   },
   {
      "model":"rutas.trip",
      "pk":30,
      "fields":{
         "route":1,
         "service":3,
         "trip_id":"desde_sangabriel_domingo_02",
         "headsign":"",
         "short_name":"",
         "direction":"0",
         "shape":1,
         "wheelchair_accessible":"",
         "bikes_allowed":""
      }
   },
   {
      "model":"rutas.trip",
      "pk":31,
      "fields":{
         "route":1,
         "service":3,
         "trip_id":"desde_sangabriel_domingo_03",
         "headsign":"",
         "short_name":"",
         "direction":"0",
         "shape":4,
         "wheelchair_accessible":"",
         "bikes_allowed":""
      }
   },
   {
      "model":"rutas.trip",
      "pk":32,
      "fields":{
         "route":1,
         "service":3,
         "trip_id":"desde_sangabriel_domingo_04",
         "headsign":"",
         "short_name":"",
         "direction":"0",
         "shape":1,
         "wheelchair_accessible":"",
         "bikes_allowed":""
      }
   },
   {
      "model":"rutas.trip",
      "pk":33,
      "fields":{
         "route":1,
         "service":3,
         "trip_id":"hacia_sangabriel_domingo_01",
         "headsign":"",
         "short_name":"",
         "direction":"1",
         "shape":2,
         "wheelchair_accessible":"",
         "bikes_allowed":""
      }
   },
   {
      "model":"rutas.trip",
      "pk":34,
      "fields":{
         "route":1,
         "service":3,
         "trip_id":"hacia_sangabriel_domingo_02",
         "headsign":"",
         "short_name":"",
         "direction":"1",
         "shape":2,
         "wheelchair_accessible":"",
         "bikes_allowed":""
      }
   },
   {
      "model":"rutas.trip",
      "pk":35,
      "fields":{
         "route":1,
         "service":3,
         "trip_id":"hacia_sangabriel_domingo_03",
         "headsign":"",
         "short_name":"",
         "direction":"1",
         "shape":2,
         "wheelchair_accessible":"",
         "bikes_allowed":""
      }
   },
   {
      "model":"rutas.trip",
      "pk":36,
      "fields":{
         "route":1,
         "service":3,
         "trip_id":"hacia_sangabriel_domingo_04",
         "headsign":"",
         "short_name":"",
         "direction":"1",
         "shape":2,
         "wheelchair_accessible":"",
         "bikes_allowed":""
      }
   },
   {
      "model":"rutas.stoptime",
      "pk":1,
      "fields":{
         "trip":1,
         "stop":2,
         "arrival_time":"04:30:00",
         "departure_time":"04:30:00",
         "stop_sequence":1,
         "stop_headsign":"",
         "pickup_type":"",
         "drop_off_type":"",
         "shape_dist_traveled":null
      }
   },
   {
      "model":"rutas.stoptime",
      "pk":2,
      "fields":{
         "trip":2,
         "stop":2,
         "arrival_time":"06:30:00",
         "departure_time":"06:30:00",
         "stop_sequence":1,
         "stop_headsign":"",
         "pickup_type":"",
         "drop_off_type":"",
         "shape_dist_traveled":null
      }
   },
   {
      "model":"rutas.stoptime",
      "pk":3,
      "fields":{
         "trip":3,
         "stop":2,
         "arrival_time":"08:00:00",
         "departure_time":"08:00:00",
         "stop_sequence":1,
         "stop_headsign":"",
         "pickup_type":"",
         "drop_off_type":"",
         "shape_dist_traveled":null
      }
   },
   {
      "model":"rutas.stoptime",
      "pk":4,
      "fields":{
         "trip":4,
         "stop":2,
         "arrival_time":"10:00:00",
         "departure_time":"10:00:00",
         "stop_sequence":1,
         "stop_headsign":"",
         "pickup_type":"",
         "drop_off_type":"",
         "shape_dist_traveled":null
      }
   },
   {
      "model":"rutas.stoptime",
      "pk":5,
      "fields":{
         "trip":5,
         "stop":2,
         "arrival_time":"13:30:00",
         "departure_time":"13:30:00",
         "stop_sequence":1,
         "stop_headsign":"",
         "pickup_type":"",
         "drop_off_type":"",
         "shape_dist_traveled":null
      }
   },
   {
      "model":"rutas.stoptime",
      "pk":6,
      "fields":{
         "trip":6,
         "stop":2,
         "arrival_time":"16:30:00",
         "departure_time":"16:30:00",
         "stop_sequence":1,
         "stop_headsign":"",
         "pickup_type":"",
         "drop_off_type":"",
         "shape_dist_traveled":null
      }
   },
   {
      "model":"rutas.stoptime",
      "pk":7,
      "fields":{
         "trip":7,
         "stop":2,
         "arrival_time":"18:00:00",
         "departure_time":"18:00:00",
         "stop_sequence":1,
         "stop_headsign":"",
         "pickup_type":"",
         "drop_off_type":"",
         "shape_dist_traveled":null
      }
   },
   {
      "model":"rutas.stoptime",
      "pk":8,
      "fields":{
         "trip":8,
         "stop":1,
         "arrival_time":"20:00:00",
         "departure_time":"20:00:00",
         "stop_sequence":1,
         "stop_headsign":"",
         "pickup_type":"",
         "drop_off_type":"",
         "shape_dist_traveled":null
      }
   },
   {
      "model":"rutas.stoptime",
      "pk":9,
      "fields":{
         "trip":9,
         "stop":1,
         "arrival_time":"06:00:00",
         "departure_time":"06:00:00",
         "stop_sequence":1,
         "stop_headsign":"",
         "pickup_type":"",
         "drop_off_type":"",
         "shape_dist_traveled":null
      }
   },
   {
      "model":"rutas.stoptime",
      "pk":10,
      "fields":{
         "trip":10,
         "stop":1,
         "arrival_time":"08:00:00",
         "departure_time":"08:00:00",
         "stop_sequence":1,
         "stop_headsign":"",
         "pickup_type":"",
         "drop_off_type":"",
         "shape_dist_traveled":null
      }
   },
   {
      "model":"rutas.stoptime",
      "pk":11,
      "fields":{
         "trip":11,
         "stop":1,
         "arrival_time":"10:30:00",
         "departure_time":"10:30:00",
         "stop_sequence":1,
         "stop_headsign":"",
         "pickup_type":"",
         "drop_off_type":"",
         "shape_dist_traveled":null
      }
   },
   {
      "model":"rutas.stoptime",
      "pk":12,
      "fields":{
         "trip":12,
         "stop":1,
         "arrival_time":"11:30:00",
         "departure_time":"11:30:00",
         "stop_sequence":1,
         "stop_headsign":"",
         "pickup_type":"",
         "drop_off_type":"",
         "shape_dist_traveled":null
      }
   },
   {
      "model":"rutas.stoptime",
      "pk":13,
      "fields":{
         "trip":13,
         "stop":1,
         "arrival_time":"15:00:00",
         "departure_time":"15:00:00",
         "stop_sequence":1,
         "stop_headsign":"",
         "pickup_type":"",
         "drop_off_type":"",
         "shape_dist_traveled":null
      }
   },
   {
      "model":"rutas.stoptime",
      "pk":14,
      "fields":{
         "trip":14,
         "stop":1,
         "arrival_time":"18:00:00",
         "departure_time":"18:00:00",
         "stop_sequence":1,
         "stop_headsign":"",
         "pickup_type":"",
         "drop_off_type":"",
         "shape_dist_traveled":null
      }
   },
   {
      "model":"rutas.stoptime",
      "pk":15,
      "fields":{
         "trip":15,
         "stop":1,
         "arrival_time":"20:30:00",
         "departure_time":"20:30:00",
         "stop_sequence":1,
         "stop_headsign":"",
         "pickup_type":"",
         "drop_off_type":"",
         "shape_dist_traveled":null
      }
   },
   {
      "model":"rutas.stoptime",
      "pk":16,
      "fields":{
         "trip":16,
         "stop":1,
         "arrival_time":"22:30:00",
         "departure_time":"22:30:00",
         "stop_sequence":1,
         "stop_headsign":"",
         "pickup_type":"",
         "drop_off_type":"",
         "shape_dist_traveled":null
      }
   },
   {
      "model":"rutas.stoptime",
      "pk":17,
      "fields":{
         "trip":17,
         "stop":2,
         "arrival_time":"04:30:00",
         "departure_time":"04:30:00",
         "stop_sequence":1,
         "stop_headsign":"",
         "pickup_type":"",
         "drop_off_type":"",
         "shape_dist_traveled":null
      }
   },
   {
      "model":"rutas.stoptime",
      "pk":18,
      "fields":{
         "trip":18,
         "stop":2,
         "arrival_time":"09:00:00",
         "departure_time":"09:00:00",
         "stop_sequence":1,
         "stop_headsign":"",
         "pickup_type":"",
         "drop_off_type":"",
         "shape_dist_traveled":null
      }
   },
   {
      "model":"rutas.stoptime",
      "pk":19,
      "fields":{
         "trip":19,
         "stop":2,
         "arrival_time":"11:00:00",
         "departure_time":"11:00:00",
         "stop_sequence":1,
         "stop_headsign":"",
         "pickup_type":"",
         "drop_off_type":"",
         "shape_dist_traveled":null
      }
   },
   {
      "model":"rutas.stoptime",
      "pk":20,
      "fields":{
         "trip":20,
         "stop":2,
         "arrival_time":"14:00:00",
         "departure_time":"14:00:00",
         "stop_sequence":1,
         "stop_headsign":"",
         "pickup_type":"",
         "drop_off_type":"",
         "shape_dist_traveled":null
      }
   },
   {
      "model":"rutas.stoptime",
      "pk":21,
      "fields":{
         "trip":21,
         "stop":2,
         "arrival_time":"17:30:00",
         "departure_time":"17:30:00",
         "stop_sequence":1,
         "stop_headsign":"",
         "pickup_type":"",
         "drop_off_type":"",
         "shape_dist_traveled":null
      }
   },
   {
      "model":"rutas.stoptime",
      "pk":22,
      "fields":{
         "trip":22,
         "stop":2,
         "arrival_time":"20:00:00",
         "departure_time":"20:00:00",
         "stop_sequence":1,
         "stop_headsign":"",
         "pickup_type":"",
         "drop_off_type":"",
         "shape_dist_traveled":null
      }
   },
   {
      "model":"rutas.stoptime",
      "pk":23,
      "fields":{
         "trip":23,
         "stop":1,
         "arrival_time":"06:00:00",
         "departure_time":"06:00:00",
         "stop_sequence":1,
         "stop_headsign":"",
         "pickup_type":"",
         "drop_off_type":"",
         "shape_dist_traveled":null
      }
   },
   {
      "model":"rutas.stoptime",
      "pk":24,
      "fields":{
         "trip":24,
         "stop":1,
         "arrival_time":"10:30:00",
         "departure_time":"10:30:00",
         "stop_sequence":1,
         "stop_headsign":"",
         "pickup_type":"",
         "drop_off_type":"",
         "shape_dist_traveled":null
      }
   },
   {
      "model":"rutas.stoptime",
      "pk":25,
      "fields":{
         "trip":25,
         "stop":1,
         "arrival_time":"12:30:00",
         "departure_time":"12:30:00",
         "stop_sequence":1,
         "stop_headsign":"",
         "pickup_type":"",
         "drop_off_type":"",
         "shape_dist_traveled":null
      }
   },
   {
      "model":"rutas.stoptime",
      "pk":26,
      "fields":{
         "trip":26,
         "stop":1,
         "arrival_time":"15:30:00",
         "departure_time":"15:30:00",
         "stop_sequence":1,
         "stop_headsign":"",
         "pickup_type":"",
         "drop_off_type":"",
         "shape_dist_traveled":null
      }
   },
   {
      "model":"rutas.stoptime",
      "pk":27,
      "fields":{
         "trip":27,
         "stop":1,
         "arrival_time":"20:30:00",
         "departure_time":"20:30:00",
         "stop_sequence":1,
         "stop_headsign":"",
         "pickup_type":"",
         "drop_off_type":"",
         "shape_dist_traveled":null
      }
   },
   {
      "model":"rutas.stoptime",
      "pk":28,
      "fields":{
         "trip":28,
         "stop":1,
         "arrival_time":"22:30:00",
         "departure_time":"22:30:00",
         "stop_sequence":1,
         "stop_headsign":"",
         "pickup_type":"",
         "drop_off_type":"",
         "shape_dist_traveled":null
      }
   },
   {
      "model":"rutas.stoptime",
      "pk":29,
      "fields":{
         "trip":29,
         "stop":2,
         "arrival_time":"04:30:00",
         "departure_time":"04:30:00",
         "stop_sequence":1,
         "stop_headsign":"",
         "pickup_type":"",
         "drop_off_type":"",
         "shape_dist_traveled":null
      }
   },
   {
      "model":"rutas.stoptime",
      "pk":30,
      "fields":{
         "trip":30,
         "stop":2,
         "arrival_time":"10:30:00",
         "departure_time":"10:30:00",
         "stop_sequence":1,
         "stop_headsign":"",
         "pickup_type":"",
         "drop_off_type":"",
         "shape_dist_traveled":null
      }
   },
   {
      "model":"rutas.stoptime",
      "pk":31,
      "fields":{
         "trip":31,
         "stop":2,
         "arrival_time":"15:00:00",
         "departure_time":"15:00:00",
         "stop_sequence":1,
         "stop_headsign":"",
         "pickup_type":"",
         "drop_off_type":"",
         "shape_dist_traveled":null
      }
   },
   {
      "model":"rutas.stoptime",
      "pk":32,
      "fields":{
         "trip":32,
         "stop":2,
         "arrival_time":"18:00:00",
         "departure_time":"18:00:00",
         "stop_sequence":1,
         "stop_headsign":"",
         "pickup_type":"",
         "drop_off_type":"",
         "shape_dist_traveled":null
      }
   },
   {
      "model":"rutas.stoptime",
      "pk":33,
      "fields":{
         "trip":33,
         "stop":1,
         "arrival_time":"06:00:00",
         "departure_time":"06:00:00",
         "stop_sequence":1,
         "stop_headsign":"",
         "pickup_type":"",
         "drop_off_type":"",
         "shape_dist_traveled":null
      }
   },
   {
      "model":"rutas.stoptime",
      "pk":34,
      "fields":{
         "trip":34,
         "stop":1,
         "arrival_time":"12:00:00",
         "departure_time":"12:00:00",
         "stop_sequence":1,
         "stop_headsign":"",
         "pickup_type":"",
         "drop_off_type":"",
         "shape_dist_traveled":null
      }
   },
   {
      "model":"rutas.stoptime",
      "pk":35,
      "fields":{
         "trip":35,
         "stop":1,
         "arrival_time":"17:00:00",
         "departure_time":"17:00:00",
         "stop_sequence":1,
         "stop_headsign":"",
         "pickup_type":"",
         "drop_off_type":"",
         "shape_dist_traveled":null
      }
   },
   {
      "model":"rutas.stoptime",
      "pk":36,
      "fields":{
         "trip":36,
         "stop":1,
         "arrival_time":"22:30:00",
         "departure_time":"22:30:00",
         "stop_sequence":1,
         "stop_headsign":"",
         "pickup_type":"",
         "drop_off_type":"",
         "shape_dist_traveled":null
      }
   },
   {
      "model":"rutas.calendar",
      "pk":1,
      "fields":{
         "service_id":"entresemana",
         "monday":"1",
         "tuesday":"1",
         "wednesday":"1",
         "thursday":"1",
         "friday":"1",
         "saturday":"0",
         "sunday":"0",
         "start_date":"2020-11-04",
         "end_date":"2021-11-04"
      }
   },
   {
      "model":"rutas.calendar",
      "pk":2,
      "fields":{
         "service_id":"sabado",
         "monday":"0",
         "tuesday":"0",
         "wednesday":"0",
         "thursday":"0",
         "friday":"0",
         "saturday":"1",
         "sunday":"0",
         "start_date":"2020-11-04",
         "end_date":"2021-11-04"
      }
   },
   {
      "model":"rutas.calendar",
      "pk":3,
      "fields":{
         "service_id":"domingo",
         "monday":"0",
         "tuesday":"0",
         "wednesday":"0",
         "thursday":"0",
         "friday":"0",
         "saturday":"0",
         "sunday":"1",
         "start_date":"2020-11-04",
         "end_date":"2021-11-04"
      }
   },
   {
      "model":"rutas.calendardate",
      "pk":1,
      "fields":{
         "service":1,
         "date":"2021-01-01",
         "exception_type":"2"
      }
   },
   {
      "model":"rutas.calendardate",
      "pk":2,
      "fields":{
         "service":3,
         "date":"2021-01-01",
         "exception_type":"1"
      }
   },
   {
      "model":"rutas.calendardate",
      "pk":3,
      "fields":{
         "service":1,
         "date":"2021-05-03",
         "exception_type":"2"
      }
   },
   {
      "model":"rutas.calendardate",
      "pk":4,
      "fields":{
         "service":3,
         "date":"2021-05-03",
         "exception_type":"1"
      }
   },
   {
      "model":"rutas.calendardate",
      "pk":5,
      "fields":{
         "service":1,
         "date":"2021-07-26",
         "exception_type":"2"
      }
   },
   {
      "model":"rutas.calendardate",
      "pk":6,
      "fields":{
         "service":3,
         "date":"2021-07-26",
         "exception_type":"1"
      }
   },
   {
      "model":"rutas.shape",
      "pk":1,
      "fields":{
         "shape_id":"desde_sangabriel",
         "pt_lat":"1.0000000000000000",
         "pt_lon":"1.0000000000000000",
         "pt_sequence":1
      }
   },
   {
      "model":"rutas.shape",
      "pk":2,
      "fields":{
         "shape_id":"hacia_sangabriel",
         "pt_lat":"1.0000000000000000",
         "pt_lon":"1.0000000000000000",
         "pt_sequence":1
      }
   },
   {
      "model":"rutas.shape",
      "pk":3,
      "fields":{
         "shape_id":"desde_sanluis",
         "pt_lat":"1.0000000000000000",
         "pt_lon":"1.0000000000000000",
         "pt_sequence":1
      }
   },
   {
      "model":"rutas.shape",
      "pk":4,
      "fields":{
         "shape_id":"hacia_sanluis",
         "pt_lat":"1.0000000000000000",
         "pt_lon":"1.0000000000000000",
         "pt_sequence":1
      }
   },
   {
      "model":"rutas.shape",
      "pk":5,
      "fields":{
         "shape_id":"desde_turrujal",
         "pt_lat":"1.0000000000000000",
         "pt_lon":"1.0000000000000000",
         "pt_sequence":1
      }
   },
   {
      "model":"rutas.shape",
      "pk":6,
      "fields":{
         "shape_id":"hacia_turrujal",
         "pt_lat":"1.0000000000000000",
         "pt_lon":"1.0000000000000000",
         "pt_sequence":1
      }
   },
   {
      "model":"rutas.shape",
      "pk":7,
      "fields":{
         "shape_id":"desde_jorco",
         "pt_lat":"1.0000000000000000",
         "pt_lon":"1.0000000000000000",
         "pt_sequence":1
      }
   },
   {
      "model":"rutas.shape",
      "pk":8,
      "fields":{
         "shape_id":"hacia_jorco",
         "pt_lat":"1.0000000000000000",
         "pt_lon":"1.0000000000000000",
         "pt_sequence":1
      }
   }
]